{"cameraMode":{"drawMode":0,"name":"Shaded","section":"Shading Mode"},"sceneLighting":false,"audioPlay":false,"sceneViewState":{"m_AlwaysRefresh":false,"showFog":true,"showSkybox":false,"showFlares":true,"showImageEffects":true,"showParticleSystems":true,"showVisualEffectGraphs":true,"m_FxEnabled":false},"in2DMode":false,"pivot":{"x":4.146656513214111,"y":1.275566816329956,"z":-2.3685483932495119},"rotation":{"x":0.024259107187390329,"y":-0.6099904179573059,"z":0.018625864759087564,"w":0.7918222546577454},"size":0.8660253882408142,"orthographic":false}