{"cameraMode":{"drawMode":0,"name":"Shaded","section":"Shading Mode"},"sceneLighting":false,"audioPlay":false,"sceneViewState":{"m_AlwaysRefresh":false,"showFog":true,"showSkybox":false,"showFlares":true,"showImageEffects":true,"showParticleSystems":true,"showVisualEffectGraphs":true,"m_FxEnabled":false},"in2DMode":false,"pivot":{"x":-0.5142796039581299,"y":1.2834903001785279,"z":0.11551693081855774},"rotation":{"x":0.08166275173425675,"y":-0.5784444808959961,"z":0.05829310417175293,"w":0.809558629989624},"size":2.035534143447876,"orthographic":false}