{"cameraMode":{"drawMode":0,"name":"Shaded","section":"Shading Mode"},"sceneLighting":false,"audioPlay":false,"sceneViewState":{"m_AlwaysRefresh":false,"showFog":true,"showSkybox":false,"showFlares":true,"showImageEffects":true,"showParticleSystems":true,"showVisualEffectGraphs":true,"m_FxEnabled":false},"in2DMode":false,"pivot":{"x":-0.05972067266702652,"y":-0.038150787353515628,"z":-0.13626961410045625},"rotation":{"x":0.7159679532051086,"y":0.0014658952131867409,"z":-0.0015057979617267848,"w":0.6981475353240967},"size":1.0049875974655152,"orthographic":false}